Turbine_exit_pressure_bar,Turbine_exit_temperature_C,Ship_speed_knots,output_power
1.66,661.0,,2386.039620401448
2.08,731.0,15.0,4342.937684322529
2.96,855.0,21.0,10945.308805106837
1.1,464.0,,54.11916944584017
1.33,636.0,,999.9584696621191
1.66,661.0,12.0,2386.039620401448
2.08,730.0,15.0,4342.937684322529
